TIMESTAMP,OPENN,OI,OPEN,HIGH,LOW,CLOSE,TURNOVER,VOLATILITY
2013-05-14,29.8,1911,30.3,30.3,29.5,29.7,65,1946.9
2013-05-15,30,1866,29.8,30.1,29.8,30.1,36,1075.5
2013-05-16,30.1,1836,29.8,30.5,29.8,30,77,2323.1
2013-05-17,30.6,1769,30.5,31,30.5,30.5,103,3165.4
2013-05-20,30.6,1676,,,,,,
2013-05-21,30.8,1676,30.9,31,30.8,30.8,44,1360.1
2013-05-22,30.6,1635,30.7,31,30.6,30.6,39,1203.9
2013-05-23,31,1605,31,31.1,30.8,31,56,1731.6
2013-05-24,31.5,1659,31.4,31.9,31.4,31.4,51,1610.6
2013-05-27,31.6,1681,31.6,31.7,31.5,31.5,73,2302.8
2013-05-28,31.9,1666,31.6,32,31.6,31.9,116,3694.4
2013-05-29,31.8,1590,32,32,31.7,31.8,52,1652.9
2013-05-30,32,1561,32,32.2,32,32,130,4165.7
2013-05-31,31.8,1479,31.8,31.9,31.7,31.8,58,1844.1
2013-06-03,31.8,1446,31.8,31.8,31.8,31.8,4,127.2
2013-06-04,32.4,1444,31.6,32.4,31.6,32.3,108,3473.4
2013-06-05,12.5,20,32.5,32.7,32.5,32.7,126,4111.2
2013-06-06,12.5,22,12.5,12.5,12.5,12.5,4,50
2013-06-07,11.8,26,,,,,,
2013-06-10,12.4,26,12.4,12.4,12.3,12.4,7,86.7
2013-06-11,12.8,30,12.8,12.8,12.8,12.8,3,38.4
2013-06-12,12.5,30,12.5,12.5,12.5,12.5,2,25
2013-06-13,12.4,32,,,,,,
2013-06-14,12.4,32,,,,,,
2013-06-17,12.4,32,,,,,,
2013-06-18,12.4,32,,,,,,
2013-06-19,12,32,12.2,12.2,12.2,12.2,3,36.6
2013-06-20,11.8,35,,,,,,
2013-06-21,11.8,35,,,,,,
2013-06-24,11.8,35,,,,,,
2013-06-25,11.8,35,,,,,,
2013-06-26,11.8,35,,,,,,
2013-06-27,11.8,35,,,,,,
2013-06-28,11.6,35,11.6,11.6,11.6,11.6,1,11.6
2013-07-01,11.9,35,,,,,,
2013-07-02,12.5,35,12.5,12.6,12.5,12.6,5,62.6
2013-07-03,12.5,40,12.5,12.5,12.5,12.5,2,25
2013-07-04,12.2,42,,,,,,
2013-07-05,12.4,42,,,,,,
2013-07-08,12.7,42,12.6,12.8,12.6,12.8,7,89.2
2013-07-09,12.5,47,,,,,,
2013-07-10,12.4,47,,,,,,
2013-07-11,12.5,47,12.5,12.5,12.5,12.5,5,62.5
2013-07-12,12.7,50,12.6,12.8,12.6,12.8,5,63.4
2013-07-15,13.4,53,12.9,13.7,12.9,13.7,14,186
2013-07-16,14.2,64,14.2,14.3,14.1,14.2,12,170.7
2013-07-17,13.5,68,13.5,13.5,13.5,13.5,2,27
2013-07-18,14.3,68,13.5,14.8,13.5,14.5,6,85.6
2013-07-19,14.4,68,,,,,,
2013-07-22,13.6,68,13.5,13.5,13.5,13.5,2,27
2013-07-23,13.9,70,13.9,13.9,13.9,13.9,2,27.8
2013-07-24,14.3,72,14.3,14.3,14.3,14.3,2,28.6
2013-07-25,15.4,74,14.7,15.9,14.7,15.9,22,335.3
2013-07-26,15,84,,,,,,
2013-07-29,15.7,84,,,,,,
2013-07-30,15.5,84,,,,,,
2013-07-31,15.1,84,15,15.1,15,15.1,6,90.1
2013-08-01,15,85,15,15,15,15,5,75
2013-08-02,14.3,90,14.5,14.5,14,14,10,142.5
2013-08-05,14.4,95,,,,,,
2013-08-06,14.4,95,,,,,,
2013-08-07,13.8,95,13.9,13.9,13.8,13.8,6,82.9
2013-08-08,14,90,13.8,14,13.8,14,5,69.8
2013-08-09,14.4,89,,,,,,
2013-08-12,15,89,15,15,15,15,2,30
2013-08-13,15,89,15,15,15,15,2,30
2013-08-14,14.8,89,15,15,14.4,14.8,12,177.2
2013-08-15,15.1,90,15,15.3,15,15.3,8,120.8
2013-08-16,16,93,15.7,16.1,15.7,16,11,175.6
2013-08-19,15.5,96,15.7,16.1,15.7,16,,
2013-08-20,15.7,96,,,,,,
2013-08-21,15.7,96,,,,,,
2013-08-22,15.9,96,15.9,15.9,15.9,15.9,1,15.9
2013-08-23,15.3,95,,,,,,
2013-08-26,16,95,16,16,16,16,3,48
2013-08-27,15.9,96,16,16,15.7,15.7,4,63.7
2013-08-28,15.8,99,,,,,,
2013-08-29,15.7,99,,,,,,
2013-08-30,16,99,16,16,16,16,2,32
2013-09-02,16.2,101,,,,,,
2013-09-03,16.3,101,16.3,16.4,16.3,16.4,3,49
2013-09-04,16.5,101,16.5,16.5,16.5,16.5,1,16.5
2013-09-05,16.6,101,16.5,16.8,16.5,16.8,9,149.6
2013-09-06,15.7,107,16.1,16.1,15.6,15.6,6,94.1
2013-09-09,16.1,109,,,,,,
2013-09-10,16.1,109,,,,,,
2013-09-11,16.5,109,,,,,,
2013-09-12,16.2,109,,,,,,
2013-09-13,16.4,109,16.4,16.4,16.4,16.4,2,32.8
2013-09-16,16,107,,,,,,
2013-09-17,16,107,,,,,,
2013-09-18,16,107,,,,,,
2013-09-19,15.5,107,,,,,,
2013-09-20,16,107,,,,,,
2013-09-23,16,107,,,,,,
2013-09-24,15.5,107,,,,,,
2013-09-25,15.5,107,,,,,,
2013-09-26,16,107,16,16,16,16,5,80
2013-09-27,16,112,16,16,16,16,5,80
2013-09-30,16,117,,,,,,
2013-10-01,16,117,,,,,,
2013-10-02,16,117,,,,,,
2013-10-03,16,117,,,,,,
2013-10-04,16,117,,,,,,
2013-10-07,16.5,117,,,,,,
2013-10-08,16,117,,,,,,
2013-10-09,15.8,117,,,,,,
2013-10-10,16.1,117,,,,,,
2013-10-11,16.7,117,,,,,,
2013-10-14,17,117,17,17,17,17,1,17
2013-10-15,16.8,118,,,,,,
2013-10-16,16.6,118,,,,,,
2013-10-17,16.6,118,,,,,,
2013-10-18,16.6,118,,,,,,
2013-10-21,16.6,118,,,,,,
2013-10-22,16.6,118,,,,,,
2013-10-23,16.6,118,,,,,,
2013-10-24,16.6,118,,,,,,
2013-10-25,16.5,118,,,,,,
2013-10-28,16.5,118,,,,,,
2013-10-29,16.5,118,,,,,,
2013-10-30,16.5,118,,,,,,
2013-10-31,16.5,118,,,,,,
2013-11-01,16.5,118,,,,,,
2013-11-04,16,118,,,,,,
2013-11-05,16,118,,,,,,
2013-11-06,16,118,,,,,,
2013-11-07,15.6,118,,,,,,
2013-11-08,15.1,118,15.1,15.1,15,15,6,90.5
2013-11-11,14.6,118,,,,,,
2013-11-12,14.6,118,,,,,,
2013-11-13,14.6,118,,,,,,
2013-11-14,14.5,118,,,,,,
2013-11-15,14.9,118,14.9,14.9,14.9,14.9,2,29.8
2013-11-18,14.6,117,,,,,,
2013-11-19,14.5,117,,,,,,
2013-11-20,14.3,117,14.5,14.5,14.1,14.1,16,228.2
2013-11-21,14.3,101,,,,,,
2013-11-22,14.4,101,,,,,,
2013-11-25,14.4,101,,,,,,
2013-11-26,14.4,101,,,,,,
2013-11-27,18.9,5361,,,,,,
2013-11-28,18.5,5365,18.7,18.7,18.2,18.5,86,1589.6
2013-11-29,18.5,5364,18.4,18.5,18.4,18.5,9,166.4
2013-12-02,18,5366,18.4,18.4,17.9,17.9,73,1317
2013-12-03,17.9,5345,18,18,17.6,17.9,84,1494.2
2013-12-04,17.6,5358,17.8,17.8,17.5,17.7,142,2500.6
2013-12-05,17.8,5311,17.8,17.9,17.7,17.9,48,853.5
2013-12-06,18,5314,17.8,18.2,17.6,18.2,93,1657.7
2013-12-09,17.8,5309,18,18.2,17.8,17.8,44,787.3
2013-12-10,17.7,5328,17.8,17.9,17.6,17.6,44,780.7
2013-12-11,17.4,5330,17.6,17.6,17.3,17.3,60,1048.4
2013-12-12,17.7,5389,17.3,17.8,17.3,17.5,65,1137.1
2013-12-13,17.5,5450,17.8,17.8,17.4,17.6,62,1090.8
2013-12-16,17.8,5390,17.7,17.8,17.7,17.8,21,372.3
2013-12-17,18.1,5390,17.9,18.2,17.7,18,58,1044.2
2013-12-18,18.1,5446,18,18,17.7,17.7,18,319.6
2013-12-19,17.7,5457,17.8,17.8,17.6,17.6,55,976.3
2013-12-20,17.6,5510,17.7,17.7,17.6,17.6,44,775.9
2013-12-23,17.6,5520,17.5,17.8,17.5,17.6,35,618.5
2013-12-27,17.7,5520,17.6,17.7,17.6,17.6,17,299.7
2013-12-30,17.6,5520,17.7,17.7,17.5,17.5,47,827.5
2014-01-02,16.9,5484,17.5,17.5,16.8,16.8,250,4286.7
2014-01-03,16.7,5444,16.7,16.8,16.5,16.8,160,2647.1
2014-01-06,16.5,5420,16.6,16.7,16.5,16.5,84,1393
2014-01-07,16.2,5390,16.4,16.4,16,16.2,240,3871.8
2014-01-08,16.4,5374,16.2,16.5,16.2,16.5,97,1586.8
2014-01-09,17.1,5392,16.6,17.2,16.6,17.1,147,2492.8
2014-01-10,16.5,5419,16.9,16.9,16.3,16.4,71,1173.9
2014-01-13,16.2,5432,16.5,16.5,16.2,16.2,68,1106.8
2014-01-14,16.3,5433,16.2,16.5,16.2,16.4,68,1112.5
2014-01-15,16,5458,16.4,16.5,15.9,16,274,4413.9
2014-01-16,15.5,5436,16,16.1,15.5,15.5,275,4326.5
2014-01-17,15.9,5334,15.5,16,15.5,16,198,3114.9
2014-01-20,16.3,5310,16,16.4,15.8,16.4,83,1338.6
2014-01-21,15.8,5317,16.8,16.8,15.7,15.7,198,3203.9
2014-01-22,15.5,5343,15.7,15.7,15.5,15.5,119,1852.9
2014-01-23,15.1,5367,15.6,15.6,15,15.1,269,4099
2014-01-24,15.2,5287,15,15.3,14.8,15.3,298,4461.6
2014-01-27,15,5215,15.5,15.5,15,15,104,1581.4
2014-01-28,14.7,5220,15.1,15.1,14.7,14.7,222,3297.7
2014-01-29,14.5,5414,14.7,14.8,14.4,14.5,223,3253.2
2014-01-30,13.8,5168,14.4,14.7,13.8,13.9,330,4666.9
2014-01-31,13.3,5100,14,14,13,13.2,482,6435.8
2014-02-03,12.8,4993,13.2,13.5,12.7,12.8,195,2534.4
2014-02-04,12.8,5022,12.8,13,12.6,12.7,231,2950
2014-02-05,12.6,4986,13,13,12.6,12.6,156,1988.5
2014-02-06,12.6,5138,12.6,12.6,12.2,12.6,236,2934.4
2014-02-07,12.9,5196,12.8,13.1,12.6,12.9,122,1564.3
2014-02-10,12.5,5092,12.6,12.6,12.4,12.5,82,1023.9
2014-02-11,12.4,5028,12.6,12.7,12.4,12.6,65,812
2014-02-12,12.3,5012,12.2,12.4,12.2,12.3,101,1238.4
2014-02-13,12.2,5037,12.3,12.4,12.2,12.2,93,1139.8
2014-02-14,11.7,5039,12.2,12.2,11.5,11.7,390,4608.2
2014-02-17,11.1,4891,11.5,11.5,11,11.2,307,3453.4
2014-02-18,11.2,4803,11.2,11.5,11.2,11.3,151,1713.6
2014-02-19,10.9,4829,11.1,11.1,10.8,11,139,1520
2014-02-20,11.2,4879,11,11.2,10.9,11.2,106,1175.4
2014-02-21,11.4,4947,11.1,11.5,11,11.3,122,1378.7
2014-02-24,11.8,4988,11.4,12,11.4,11.8,159,1872.4
2014-02-25,13.8,4948,12.3,14,12.3,13.8,304,4031
2014-02-26,13.1,5011,13.5,13.5,13,13.2,125,1647.8
2014-02-27,13,5077,13.2,13.2,12.5,12.8,100,1279.8
2014-02-28,13.3,5097,13,13.4,13,13.3,55,729.4
2014-03-03,13.4,5091,13.2,13.5,12.8,13.4,81,1071.5
2014-03-04,13.8,5085,13.2,14,13.2,13.8,120,1661.5
2014-03-05,13.4,5029,13.9,13.9,13.2,13.2,75,1011.4
2014-03-06,13.8,5047,13.4,14.1,13.3,13.6,172,2383.3
2014-03-07,14.2,4986,13.9,14.4,13.9,14.2,160,2265.2
2014-03-10,14.1,4976,13.9,14.1,13.8,14,50,700.3
2014-03-11,13.7,4986,13.9,13.9,13.6,13.6,40,551.2
2014-03-12,13.8,4995,13.7,13.9,13.7,13.7,50,689.2
2014-03-13,13.3,5005,13.8,13.8,13.1,13.3,127,1702.5
2014-03-14,13,4967,13.3,13.3,12.9,13,112,1454.7
2014-03-17,12.7,4956,13,13.4,12.7,12.7,101,1303.7
2014-03-18,12.1,4969,12.6,12.6,12.1,12.1,180,2224.4
2014-03-19,11.6,4955,12,12,11.5,11.6,217,2534.4
2014-03-20,11.5,4869,11.4,11.5,11.2,11.5,90,1021.1
2014-03-21,11,4829,11.4,11.4,11,11,252,2799.1
2014-03-24,11.5,4671,11,11.5,11,11.5,83,937.1
2014-03-25,11.6,4670,11.5,11.8,11.5,11.6,91,1057.3
2014-03-26,11.6,4626,11.5,11.8,11.4,11.4,61,701.2
2014-03-27,11.2,4624,11.4,11.6,11.2,11.2,169,1924.1
2014-03-28,11,4554,11.2,11.2,10.9,11,151,1663.7
2014-03-31,10.8,4498,11.4,11.4,10.8,10.8,60,654.7
2014-04-01,10.8,4455,10.8,10.8,10.7,10.7,67,720.8
2014-04-02,10.7,4455,10.8,11,10.5,10.6,105,1120.8
2014-04-03,10.5,4513,10.6,10.6,10.2,10.5,270,2807.7
2014-04-04,10.3,4688,10.4,10.4,10.3,10.3,83,860
2014-04-07,10.4,4628,10.4,10.4,10.4,10.4,44,457.6
2014-04-08,10.1,4604,10.3,10.3,10,10.1,49,498.1
2014-04-09,10,4558,10,10,9.9,10,122,1219
2014-04-10,9.9,4447,10,10,9.9,9.9,71,705.5
2014-04-11,10.1,4377,10,10.3,10,10,34,342.9
2014-04-14,10.1,4347,10.1,10.3,10.1,10.3,21,212.5
2014-04-15,10.3,4326,10.3,10.6,10.3,10.3,47,490.2
2014-04-16,10.3,4282,10.3,10.3,10.3,10.3,16,164.8
2014-04-17,10.2,4266,10.1,10.4,10.1,10.1,39,398.3
2014-04-22,9.9,4219,10,10,9.9,9.9,133,1319.3
2014-04-23,9.8,4094,9.9,10,9.8,9.8,140,1387.6
2014-04-24,9.4,1623,9.7,9.7,9.1,9.4,126,1183.9
2014-04-28,8.7,1557,8.9,9,8.7,8.7,133,1178.6
2014-04-29,7.8,1546,8.6,8.6,7.7,7.8,270,2189.6
2014-04-30,7.7,1437,7.5,7.9,7.5,7.7,103,794.9
2014-05-02,8.2,1429,7.9,8.2,7.8,8.2,100,804
2014-05-05,7.3,1416,8.1,8.1,7.2,7.2,95,720.9
2014-05-06,6.8,1395,7.4,7.4,6.7,6.9,121,847.7
2014-05-07,6.7,1368,6.9,6.9,6.4,6.7,124,811
2014-05-08,6.3,1313,6.6,6.6,6.3,6.3,78,499
2014-05-09,6.2,1321,6.3,6.3,6.2,6.2,99,617.6
2014-05-12,6.1,1284,6.1,6.2,6.1,6.1,58,355.3
2014-05-13,6.1,1240,6.1,6.2,6,6.2,94,567.7
2014-05-14,6.6,1176,6.1,6.7,6.1,6.5,76,487.3
2014-05-15,6.6,1235,6.5,6.7,6.5,6.6,48,316.8
2014-05-16,6.5,1199,6.9,6.9,6.5,6.5,65,428.4
2014-05-19,6.4,1170,6.5,6.5,6.4,6.4,18,115.7
2014-05-20,6.6,1173,6.4,6.6,6.4,6.5,30,193.7
2014-05-21,6.4,1169,6.4,6.4,6.4,6.4,7,44.8
2014-05-22,6.3,1165,6.4,6.4,6.3,6.3,99,625.1
2014-05-23,6.4,1083,6.4,6.5,6.4,6.5,27,174.1
2014-05-26,6.4,1056,6.4,6.4,6.4,6.4,21,134.4
2014-05-27,6.2,1035,6.3,6.3,6.1,6.1,60,372.1
2014-05-28,6.1,985,6.2,6.2,6.1,6.1,34,208.2
2014-05-29,6.2,951,6.2,6.5,6.2,6.5,17,105.9
2014-05-30,6.3,948,6.4,6.5,6.2,6.3,205,1311.8
2014-06-02,6.1,763,6.1,6.1,6.1,6.1,22,134.2
2014-06-03,6,744,6,6,6,6,38,228
2014-06-04,5.9,710,5.9,5.9,5.9,5.9,16,94.4
2014-06-05,8.8,6,8.8,8.8,8.8,8.8,1,8.8
2014-06-06,9.1,7,9.1,9.1,9,9,4,36.2
2014-06-09,9.1,11,,,,,,
2014-06-10,9.1,11,,,,,,
2014-06-11,8.7,11,8.7,8.7,8.7,8.7,2,17.4
2014-06-12,8.7,9,,,,,,
2014-06-13,9.4,9,9.2,9.6,9.2,9.6,6,56.2
2014-06-16,9.4,13,,,,,,
2014-06-17,9.3,13,9.7,9.7,9.1,9.1,5,46.7
2014-06-18,9.1,12,9.1,9.1,9.1,9.1,1,9.1
2014-06-19,9.1,12,,,,,,
2014-06-20,9.1,12,,,,,,
2014-06-23,9.1,12,,,,,,
2014-06-24,8.5,12,8.5,8.5,8.5,8.5,1,8.5
2014-06-25,8.5,12,,,,,,
2014-06-26,8.5,12,,,,,,
2014-06-27,9,12,9.4,9.4,8.9,8.9,3,27.7
2014-06-30,9,12,,,,,,
2014-07-01,8.8,12,8.5,9,8.5,9,5,44
2014-07-02,8.7,15,8.5,8.9,8.4,8.9,9,78.1
2014-07-03,8.3,18,8,8.7,8,8.7,10,82.6
2014-07-04,8,18,8.4,8.4,7.7,8.1,10,80.2
2014-07-07,8,20,8,8,8,8,2,16
2014-07-08,7.5,22,7.4,7.8,7.2,7.3,10,74.7
2014-07-09,8,20,,,,,,
2014-07-10,7.6,20,7.7,7.8,7,7.8,22,163.7
2014-07-11,7.3,29,7.3,7.3,7.2,7.2,3,21.8
2014-07-14,7.5,28,7.8,7.8,7.2,7.2,5,37.4
2014-07-15,7.1,25,7.2,7.2,6.9,6.9,4,28.3
2014-07-16,7.5,27,7.5,7.5,7.5,7.5,4,30
2014-07-17,7.3,28,7.6,7.7,6.9,7.2,8,59.6
2014-07-18,7.2,33,7.4,7.4,6.9,6.9,12,86.5
2014-07-21,6.9,35,,,,,,
2014-07-22,6.5,35,6.8,6.8,6.8,6.8,1,6.8
2014-07-23,6.5,35,,,,,,
2014-07-24,6.2,35,6.3,6.3,6.3,6.3,1,6.3
2014-07-25,6,34,,,,,,
2014-07-28,6,34,,,,,,
2014-07-29,5.4,34,,,,,,
2014-07-30,5,34,5,5,5,5,7,35
2014-07-31,5.2,39,5,5.4,5,5.4,4,20.8
2014-08-01,5.6,35,5.6,5.6,5.6,5.6,4,22.4
2014-08-04,5.6,35,,,,,,
2014-08-05,5,35,5,5,5,5,2,10
2014-08-06,4.5,33,4.5,4.5,4.5,4.5,2,9
2014-08-07,4.5,33,,,,,,
2014-08-08,4.5,31,,,,,,
2014-08-11,4.5,31,4.5,4.5,4.5,4.5,3,13.5
2014-08-12,4.3,31,,,,,,
2014-08-13,4.4,31,,,,,,
2014-08-14,4.4,31,,,,,,
2014-08-15,4.3,31,,,,,,
2014-08-18,4.5,31,,,,,,
2014-08-19,4.3,31,,,,,,
2014-08-20,4.3,31,,,,,,
2014-08-21,4.5,31,,,,,,
2014-08-25,4.5,31,,,,,,
2014-08-26,4.5,31,4.5,4.5,4.5,4.5,2,9
2014-08-27,4.6,31,4.6,4.6,4.6,4.6,4,18.4
2014-08-28,4.8,27,,,,,,
2014-08-29,4.1,27,4.1,4.1,4.1,4.1,2,8.2
2014-09-01,3.9,27,,,,,,
2014-09-02,3.9,27,,,,,,
2014-09-03,3.9,27,,,,,,
2014-09-04,3.9,27,,,,,,
2014-09-05,3.7,27,,,,,,
2014-09-08,3.7,27,,,,,,
2014-09-09,3.7,27,,,,,,
2014-09-10,3.7,27,,,,,,
2014-09-11,3.7,27,,,,,,
2014-09-12,3.7,27,,,,,,
2014-09-15,3.9,27,,,,,,
2014-09-16,3.9,27,,,,,,
2014-09-17,3.9,27,,,,,,
2014-09-18,3.5,27,,,,,,
2014-09-19,3.5,27,,,,,,
2014-09-22,3.5,27,,,,,,
2014-09-23,3.5,27,,,,,,
2014-09-24,3.5,27,,,,,,
2014-09-25,3.3,27,,,,,,
2014-09-26,3.3,27,,,,,,
2014-09-29,3.2,27,,,,,,
2014-09-30,3.3,27,,,,,,
2014-10-01,3.3,27,,,,,,
2014-10-02,3.3,27,,,,,,
2014-10-03,3.3,27,,,,,,
2014-10-06,3.3,27,,,,,,
2014-10-07,3.3,27,,,,,,
2014-10-08,3.2,27,,,,,,
2014-10-09,3.2,27,,,,,,
2014-10-10,3.2,27,,,,,,
2014-10-13,3.2,27,,,,,,
2014-10-14,3.2,27,,,,,,
2014-10-15,3,27,,,,,,
2014-10-16,3,27,,,,,,
2014-10-17,3,27,,,,,,
2014-10-20,3,27,,,,,,
2014-10-21,3,27,,,,,,
2014-10-22,2.9,27,,,,,,
2014-10-23,2.9,27,,,,,,
2014-10-24,2.9,27,,,,,,
2014-10-27,2.9,27,,,,,,
2014-10-28,2.9,27,,,,,,
2014-10-29,2.9,27,,,,,,
2014-10-30,2.9,27,,,,,,
2014-10-31,2.9,27,,,,,,
2014-11-03,2.9,27,,,,,,
2014-11-04,2.9,27,,,,,,
2014-11-05,2.9,27,,,,,,
2014-11-06,2.9,27,,,,,,
2014-11-07,2.9,27,,,,,,
2014-11-10,2.9,27,,,,,,
2014-11-11,2.9,27,,,,,,
2014-11-12,2.9,27,,,,,,
2014-11-13,2.9,27,,,,,,
2014-11-14,2.9,27,,,,,,
2014-11-17,2.9,27,,,,,,
2014-11-18,2.7,27,2.7,2.7,2.7,2.7,1,2.7
2014-11-19,2.9,26,,,,,,
2014-11-20,2.6,26,2.6,2.6,2.6,2.6,2,5.2
2014-11-21,2.7,26,,,,,,
2014-11-24,2.6,26,,,,,,
2014-11-25,2.4,26,2.4,2.4,2.4,2.4,1,2.4
2014-11-26,2.7,25,,,,,,
2014-11-27,5.6,4299,5.4,5.7,5.4,5.5,50,276.7
2014-11-28,5.4,4304,5.5,5.6,5.3,5.3,39,213
2014-12-01,5.4,4294,5.3,5.4,5.3,5.4,26,139.1
2014-12-02,5,4265,5.3,5.4,5,5,203,1039.8
2014-12-03,4.8,4353,5,5,4.7,4.7,86,419.9
2014-12-04,4.7,4388,4.7,4.7,4.6,4.7,89,414.8
2014-12-05,4.6,4359,4.7,4.7,4.5,4.6,88,401.6
2014-12-08,4.7,4347,4.6,4.8,4.5,4.8,76,354.9
2014-12-09,4.7,4333,4.7,4.7,4.7,4.7,22,103.4
2014-12-10,4.5,4338,4.7,4.7,4.4,4.4,140,633.6
2014-12-11,4.5,4437,4.4,4.6,4.4,4.6,31,139.5
2014-12-12,4.5,4433,4.5,4.6,4.5,4.6,22,100.2
2014-12-15,4.7,4421,4.5,4.9,4.5,4.9,69,318.8
2014-12-16,4.8,4419,4.7,4.8,4.7,4.8,42,201.1
2014-12-17,4.8,4389,4.8,4.8,4.7,4.7,21,99.9
2014-12-18,4.6,4397,4.8,4.8,4.5,4.5,46,212
2014-12-19,4.5,4406,4.5,4.6,4.4,4.5,39,175.2
2014-12-22,4.4,4434,4.5,4.5,4.4,4.4,41,181.8
2014-12-23,4.4,4461,4.4,4.4,4.4,4.4,44,193.6
2014-12-29,4.3,4505,4.4,4.4,4.3,4.3,4,17.3
2014-12-30,4.3,4507,4.3,4.4,4.2,4.3,53,228.3
2015-01-02,4.2,4558,4.2,4.2,4.1,4.2,103,427.3
2015-01-05,4.2,4515,4.2,4.2,4.2,4.2,6,25.2
2015-01-06,4.3,4515,4.2,4.4,4.2,4.4,10,43.2
2015-01-07,4.5,4523,4.3,4.5,4.2,4.5,34,150
2015-01-08,4.5,4520,4.3,4.6,4.3,4.4,13,58.2
2015-01-09,4.9,4533,4.4,5,4.4,5,74,341
2015-01-12,4.6,4500,4.7,4.7,4.4,4.4,86,396.7
2015-01-13,4.6,4524,4.6,4.7,4.4,4.7,26,120.4
2015-01-14,4.7,4498,4.5,4.7,4.5,4.7,25,117.1
2015-01-15,4.5,4473,4.8,4.8,4.4,4.5,44,203.5
2015-01-16,4.6,4472,4.7,4.7,4.5,4.5,4,18.4
2015-01-19,4.6,4476,4.8,4.8,4.5,4.6,11,50.5
2015-01-20,4.4,4481,4.5,4.5,4.4,4.4,7,31
2015-01-21,4.7,4486,4.6,4.7,4.6,4.6,26,121.1
2015-01-22,4.5,4496,4.5,4.5,4.5,4.5,19,85.5
2015-01-23,4.8,4507,4.6,4.8,4.5,4.8,68,316.4
2015-01-26,4.6,4523,4.8,4.8,4.5,4.6,36,163.3
2015-01-27,4.9,4519,4.7,4.9,4.7,4.9,143,697.6
2015-01-28,4.7,4507,4.7,4.7,4.6,4.6,21,97.7
2015-01-29,4.6,4502,4.7,4.7,4.5,4.6,73,332.3
2015-01-30,5.1,4520,4.7,5.2,4.7,5.2,180,893.3
2015-02-02,4.9,4550,5,5,4.8,4.9,51,251
2015-02-03,5.4,4562,5,5.5,5,5.4,139,737.7
2015-02-04,5.3,4525,5.2,5.4,5.2,5.4,60,318
2015-02-05,5.3,4531,5.4,5.5,5.2,5.3,53,284.3
2015-02-06,5,4543,5.2,5.2,4.9,4.9,100,500.1
2015-02-09,5,4532,5,5.1,4.9,5,35,174.9
2015-02-10,5,4563,5,5.1,4.9,5,90,450.8
2015-02-11,5,4613,5,5,5,5,20,100
2015-02-12,4.8,4621,4.9,4.9,4.8,4.8,76,371.5
2015-02-13,4.6,4691,4.7,4.8,4.6,4.6,88,411.1
2015-02-16,4.6,4653,4.5,4.6,4.5,4.6,36,163.2
2015-02-17,4.4,4627,4.5,4.5,4.4,4.4,68,302.2
2015-02-18,4.5,4636,4.4,4.5,4.4,4.5,67,300.5
2015-02-19,4.6,4703,4.5,4.6,4.5,4.6,33,150.5
2015-02-20,4.7,4692,4.7,4.7,4.7,4.7,45,209.5
2015-02-23,4.6,4682,4.5,4.6,4.5,4.6,9,41.2
2015-02-24,4.7,4658,4.7,4.8,4.6,4.7,20,94.3
2015-02-25,4.8,4661,4.7,4.8,4.7,4.8,50,235.9
2015-02-26,4.9,4650,4.8,4.9,4.8,4.9,50,244
2015-02-27,4.7,4645,4.8,4.8,4.6,4.6,36,170.9
2015-03-02,4.4,4651,4.6,4.6,4.4,4.4,90,400.4
2015-03-03,4,4646,4.3,4.4,4,4,218,901.3
2015-03-04,4,4600,4.4,4.4,4,4,57,230.1
2015-03-05,4.1,4636,4,4.1,4,4.1,143,580.5
2015-03-06,3.9,4517,4,4,3.9,3.9,35,139.3
2015-03-09,3.8,4528,3.9,3.9,3.8,3.8,90,344.4
2015-03-10,3.7,4477,3.7,3.8,3.6,3.6,74,273.9
2015-03-11,3.6,4465,3.7,3.8,3.5,3.5,72,257.7
2015-03-12,3.4,4524,3.6,3.6,3.4,3.4,132,458.5
2015-03-13,3.5,4394,3.3,3.7,3.2,3.3,183,634.4
2015-03-16,3.3,4547,3.3,3.5,3.2,3.3,104,357.6
2015-03-17,3.2,4649,3.2,3.2,3.2,3.2,66,211.2
2015-03-18,3.2,4577,3.2,3.2,3.1,3.1,40,127.8
2015-03-19,3.2,4537,3.2,3.2,3.1,3.1,42,134.2
2015-03-20,3.2,4495,3.2,3.2,3.1,3.2,9,28.5
2015-03-23,3.3,4486,3.3,3.4,3.3,3.3,34,112.4
2015-03-24,3.4,4458,3.3,3.4,3.3,3.4,40,135
2015-03-25,3.6,4418,3.6,3.7,3.5,3.6,31,111.7
2015-03-26,3.6,4387,3.6,3.6,3.6,3.6,29,104.4
2015-03-27,3.5,4358,3.6,3.7,3.4,3.4,45,160.1
2015-03-30,3.6,4319,3.6,3.7,3.5,3.5,34,122.9
2015-03-31,3.4,4282,3.5,3.5,3.4,3.4,37,126
2015-04-01,3.5,4245,3.5,3.5,3.4,3.5,117,408.8
2015-04-02,3.7,4130,3.5,3.7,3.5,3.7,219,799.8
2015-04-07,3.5,3911,3.6,3.6,3.5,3.5,15,53
2015-04-08,3.5,3896,3.6,3.6,3.5,3.5,24,84.2
2015-04-09,3.4,3872,3.5,3.5,3.3,3.3,60,203.8
2015-04-10,3.2,3810,3.2,3.2,3.1,3.2,45,143.5
2015-04-13,3.2,3765,3.2,3.2,3.2,3.2,12,38.4
2015-04-14,3.1,3753,3.1,3.1,3.1,3.1,51,158.1
2015-04-15,3,3702,3.1,3.1,3,3,175,541.3
2015-04-16,3.2,3527,3,3.2,3,3.1,108,337.7
2015-04-17,3.1,3419,3.1,3.1,3,3,136,417.8
2015-04-20,3.1,3287,3.1,3.1,3,3,87,268.7
2015-04-21,3,3210,3.1,3.1,3,3,176,537
2015-04-22,3.1,1810,3,3.1,3,3.1,36,108.1
2015-04-23,4,1831,4,4.1,3.9,3.9,45,180.5
2015-04-24,4.1,1869,4.1,4.2,4,4.1,45,184.1
2015-04-27,4.3,1898,4.1,4.3,4.1,4.2,21,89.1
2015-04-28,4.4,1903,4.3,4.4,4.3,4.4,16,70.2
2015-04-29,4.8,1905,4.5,4.8,4.4,4.8,133,622.1
2015-04-30,4.8,1949,4.9,4.9,4.5,4.8,82,385.8
2015-05-04,4.3,2023,4.6,4.6,4.2,4.2,50,218.5
2015-05-05,4.3,1970,4.2,4.4,4.1,4.3,73,309.4
2015-05-06,4.3,1963,4.3,4.3,4.2,4.3,10,42.8
2015-05-07,4.5,1959,4.4,4.6,4.3,4.4,125,560.6
2015-05-08,4.3,1865,4.4,4.4,4.2,4.3,33,142.1
2015-05-11,4.4,1875,4.4,4.4,4.4,4.4,2,8.8
2015-05-12,4.3,1838,4.3,4.3,4.2,4.3,94,401.1
2015-05-13,4.2,1790,4.3,4.3,4.2,4.2,25,105.5
2015-05-14,4.3,1814,4.3,4.3,4.3,4.3,10,43
2015-05-15,4.3,1787,4.3,4.5,4.2,4.5,74,319
2015-05-18,4.5,1827,4.5,4.5,4.4,4.4,7,31
2015-05-19,4.4,1722,4.2,4.5,4.2,4.5,38,168.4
2015-05-20,4.6,1648,4.4,4.7,4.4,4.6,66,301.8
2015-05-21,5.2,1714,4.7,5.7,4.7,5.4,209,1071.5
2015-05-22,6.2,1675,5.7,6.5,5.7,6.5,215,1326.4
2015-05-26,6.8,1522,6.6,6.9,6.6,6.9,165,1121.4
2015-05-27,6.9,1458,7,7,6.8,6.8,57,395.8
2015-05-28,6.6,1343,6.6,6.8,6.3,6.5,72,471.6
2015-05-29,11.4,32,11.4,11.8,11.4,11.8,,977.3
2015-06-01,12.1,32,12,12.1,12,12.1,58,364.9
2015-06-02,12.2,36,12.2,12.2,12.2,12.2,39,249.9
2015-06-03,12.5,38,12.4,12.5,12.4,12.5,5,32.5
2015-06-04,12.5,42,12.5,12.5,12.5,12.5,17,111.8
2015-06-05,12.5,45,12.5,12.5,12.5,12.5,,
2015-06-08,12.4,45,,,,,,
2015-06-09,12.7,45,12.5,12.8,12.5,12.8,6,76.1
2015-06-10,13.7,50,13.5,13.8,13.5,13.8,2,27.3
2015-06-11,13.9,51,13.8,13.8,13.8,13.8,2,27.6
2015-06-12,14.5,53,14.3,14.6,14.3,14.6,4,57.5
2015-06-15,14.5,57,,,,,,
2015-06-16,13.2,57,,,,,,
2015-06-17,14,57,,,,,,
2015-06-18,13.4,57,,,,,,
2015-06-19,13.3,57,,,,,,
2015-06-22,13.2,57,13,13,13,13,3,39
2015-06-23,14,57,,,,,,
2015-06-24,14.2,57,,,,,,
2015-06-25,14.8,57,14.5,15,14.5,14.9,14,207.9
2015-06-26,15.5,70,15.5,15.7,15.5,15.7,12,186.6
2015-06-29,16.4,82,15.9,17.5,15.9,17.5,22,368.1
2015-06-30,18,93,18,18.1,17.7,18.1,12,215.8
2015-07-01,16.8,98,16.1,17.2,16.1,17.2,8,134.2
2015-07-02,17,100,,,,,,
2015-07-03,17,100,,,,,,
2015-07-06,17,100,,,,,,
2015-07-07,16.6,100,16.5,16.5,16.5,16.5,2,33
2015-07-08,16.3,102,16.3,16.3,16.2,16.2,5,81.4
2015-07-09,16.1,98,16.1,16.1,16.1,16.1,3,48.3
2015-07-10,16.1,101,16.1,17.2,16.1,17.2,18,300.8
2015-07-13,17.2,96,,,,,,
2015-07-14,16.8,96,,,,,,
2015-07-15,16.9,96,16.5,17,16.5,16.9,6,99.9
2015-07-16,17,100,17,17,17,17,1,17
2015-07-17,16.2,101,16.3,16.3,15.9,15.9,6,96.6
2015-07-20,15.6,101,15.7,15.7,15.7,15.7,8,125.6
2015-07-21,14.7,93,15,15,14.6,14.6,2,29.6
2015-07-22,14,94,14,14,14,14,1,14
2015-07-23,10.8,95,,,,,,
2015-07-24,14.3,95,14,15.5,13.5,13.5,8,119
2015-07-27,14,91,14,14,14,14,1,14
2015-07-28,15.1,90,15,15,15,15,2,30
2015-07-29,15.5,92,15.5,15.5,15.5,15.5,1,15.5
2015-07-30,14.7,92,,,,,,
2015-07-31,14.4,92,14.5,14.5,13.8,13.8,5,71.3
2015-08-03,16,92,16,16,16,16,6,96
2015-08-04,16.3,94,16.5,16.5,16.5,16.5,6,99
2015-08-05,17,99,17,17,17,17,2,34
2015-08-06,17.2,99,17.5,17.5,17.5,17.5,2,35
2015-08-07,16.6,101,,,,,,
2015-08-10,16.3,101,,,,,,
2015-08-11,16.3,101,,,,,,
2015-08-12,16,101,,,,,,
2015-08-13,16.9,101,17,17,17,17,1,17
2015-08-14,16.1,102,16.5,16.5,15.9,15.9,3,48.4
2015-08-17,14.4,103,,,,,,
2015-08-18,14.9,103,14.9,14.9,14.9,14.9,2,29.8
2015-08-19,14,102,14,14,14,14,2,28
2015-08-20,13,100,,,,,,
2015-08-21,14,100,14,14,14,14,2,28
2015-08-24,12.7,100,,,,,,
2015-08-25,13,100,13,13,13,13,4,52
2015-08-26,13,96,,,,,,
2015-08-27,13.9,96,14,14,14,14,2,28
2015-08-28,12.8,94,,,,,,
2015-08-31,13.1,94,,,,,,
2015-09-01,13.1,94,,,,,,
2015-09-02,13.1,94,,,,,,
2015-09-03,13.1,94,,,,,,
2015-09-04,13.1,94,,,,,,
2015-09-07,12.8,94,,,,,,
2015-09-08,13.1,94,,,,,,
2015-09-09,13,94,,,,,,
2015-09-10,13,94,,,,,,
2015-09-11,13,94,,,,,,
2015-09-14,13.8,94,14,14,14,14,5,70
2015-09-15,13.7,94,,,,,,
2015-09-16,13,94,,,,,,
2015-09-17,14.6,94,15.1,15.1,15.1,15.1,1,15.1
2015-09-18,13.1,93,,,,,,
2015-09-21,13.5,93,,,,,,
2015-09-22,14,93,,,,,,
2015-09-23,14,93,,,,,,
2015-09-24,14,93,,,,,,
2015-09-25,13.6,93,,,,,,
2015-09-28,13.4,93,,,,,,
2015-09-29,13.6,93,,,,,,
2015-09-30,13.7,93,,,,,,
2015-10-01,13.7,93,,,,,,
2015-10-02,13.5,93,13.5,13.5,13.5,13.5,3,40.5
2015-10-05,13.5,93,,,,,,
2015-10-06,13.5,93,13.5,13.5,13.5,13.5,7,94.5
2015-10-07,12.9,86,13,13,12.8,12.8,21,271.6
2015-10-08,12.9,107,,,,,,
2015-10-09,13,74,,,,,,
2015-10-12,12.6,74,12.5,12.5,12.5,12.5,1,12.5
2015-10-13,13,74,,,,,,
2015-10-14,12.5,74,12.3,12.3,12.3,12.3,1,12.3
2015-10-15,13,74,,,,,,
2015-10-16,13.1,74,13,13,13,13,1,13
2015-10-19,13,73,13,13,13,13,5,65
2015-10-20,12.6,67,12.5,12.5,12.5,12.5,2,25
2015-10-21,12.6,66,12.5,12.5,12.5,12.5,2,25
2015-10-22,12.1,64,12.4,12.4,12,12,14,169.2
2015-10-23,12.4,50,,,,,,
2015-10-26,12.1,50,12,12,12,12,4,48
2015-10-27,12.4,50,,,,,,
2015-10-28,12.4,50,,,,,,
2015-10-29,12.5,50,,,,,,
2015-10-30,12.5,50,,,,,,
2015-11-02,12.3,50,12.2,12.2,12.1,12.1,4,48.6
2015-11-03,12.5,50,,,,,,
2015-11-04,12.5,50,,,,,,
2015-11-05,12.2,50,12.1,12.2,12.1,12.2,8,97.4
2015-11-06,12.3,42,12.3,12.3,12,12,10,122.4
2015-11-09,11.7,34,11.8,11.8,11.6,11.6,9,105.2
2015-11-10,11.7,30,11.7,11.7,11.7,11.7,3,35.1
2015-11-11,12,30,,,,,,
2015-11-12,12.1,30,12.3,12.3,12,12,10,121.5
2015-11-13,11.6,22,11.9,11.9,11.5,11.5,11,127.7
2015-11-16,11.4,25,,,,,,
2015-11-17,11.4,25,,,,,,
2015-11-18,11.5,25,,,,,,
2015-11-19,11.5,25,,,,,,
2015-11-20,15.3,4320,15.2,15.5,15.2,15.3,,
2015-11-23,11.5,25,,,,,,
2015-11-24,14.8,4391,14.9,14.9,14.6,14.6,,
2015-11-25,14.8,4397,14.7,14.9,14.7,14.8,,
2015-11-26,14.7,4414,14.8,14.8,14.6,14.7,5,56.5
2015-11-27,14.8,4398,14.8,14.8,14.8,14.8,,
2015-11-30,14.7,4380,14.8,14.8,14.6,14.6,41,604.1
2015-12-01,14.8,4407,14.7,14.9,14.7,14.7,44,650.6
2015-12-02,14.8,4397,14.8,14.8,14.7,14.7,26,383.8
2015-12-03,14.7,4395,14.7,14.7,14.6,14.6,92,1352.2
2015-12-04,14.4,4384,14.6,14.6,14.2,14.3,117,1683.6
2015-12-07,13.8,4379,14.2,14.2,13.6,13.6,270,3730.5
2015-12-08,13.3,4269,13.5,13.5,13.1,13.3,211,2811.7
2015-12-09,13.3,4179,13.3,13.5,13.2,13.5,147,1956
2015-12-10,13.8,4110,13.5,14,13.5,14,93,1283.9
2015-12-11,13.8,4092,13.6,13.9,13.6,13.9,97,1335.6
2015-12-14,14.1,4167,13.9,14.2,13.9,14.1,49,690.6
2015-12-15,14.2,4206,14.2,14.3,13.9,14,44,621.6
2015-12-16,14.1,4143,14,14.2,14,14.2,31,437.6
2015-12-17,14.2,4168,14.2,14.3,14.2,14.2,31,440.7
2015-12-18,14,4116,14.1,14.1,13.9,13.9,55,768.1
2015-12-21,13.9,4039,13.9,13.9,13.9,13.9,15,208.5
2015-12-22,14,4052,13.9,14,13.9,13.9,21,293.4
2015-12-23,14.2,4051,14,14.3,14,14.3,28,397.8
2015-12-28,14.5,4065,14.4,14.6,14.4,14.6,57,824.9
2015-12-29,14.7,4122,14.7,14.7,14.5,14.5,13,190.2
2015-12-30,14.3,4135,14.4,14.4,14.1,14.4,21,299
2016-01-04,14.7,4111,14.4,14.8,14.4,14.5,57,839.5
2016-01-05,14.8,4131,14.5,14.9,14.5,14.8,26,384.2
2016-01-06,15,4113,14.7,15.1,14.7,15.1,55,824.2
2016-01-07,15.2,4159,15,15.5,14.7,15.4,107,1617.2
2016-01-08,15.7,4145,15.2,16,15.2,15.9,187,2931.7
2016-01-11,15.8,4141,15.8,16,15.6,15.7,78,1230.1
2016-01-12,16,4138,15.9,16.1,15.7,16.1,58,925.3
2016-01-13,16.5,4163,16.1,16.8,16.1,16.7,100,1653.6
2016-01-14,16.9,4242,16.5,17.3,16.5,16.5,139,2355.5
2016-01-15,16.5,4273,16.9,16.9,16.3,16.3,63,1036.8
2016-01-18,16.3,4139,16.3,16.4,16.2,16.2,32,521.1
2016-01-19,16,4086,16.2,16.4,15.8,15.8,54,866.7
2016-01-20,15.7,4078,15.8,16,15.4,15.9,180,2829
2016-01-21,16.1,4109,15.9,16.3,15.9,16.3,20,322.5
2016-01-22,16.9,4106,16.5,17,16.3,16.8,96,1615.5
2016-01-25,17.1,4125,16.7,17.3,16.2,17.1,147,2500
2016-01-26,17.4,4131,17.3,17.5,17.3,17.3,63,1097.6
2016-01-27,17,4130,17.1,17.2,16.8,17.2,33,562.4
2016-01-28,17,4114,16.9,17,16.9,17,29,492.2
2016-01-29,17,4107,16.9,17.4,16.7,16.7,78,1326.9
2016-02-01,16.6,4092,16.8,16.8,16.5,16.7,43,714.9
2016-02-02,16.5,4080,16.6,16.6,16.4,16.5,40,660.6
2016-02-03,16.6,4051,16.5,17,16.4,16.9,56,932.8
2016-02-04,17,4051,17,17,16.7,17,47,796.5
2016-02-05,17,4046,17,17.1,16.9,17.1,106,1803
2016-02-08,17.2,4034,17.2,17.3,17.1,17.1,27,464.7
2016-02-09,16.9,4035,17.2,17.3,16.6,17.1,69,1166.7
2016-02-10,17,4030,17.1,17.2,16.8,17,28,475.5
2016-02-11,17,4031,16.8,17.1,16.8,17,15,255.1
2016-02-12,16.7,4037,16.7,16.9,16.7,16.7,25,418.5
2016-02-15,16.8,4032,16.7,16.9,16.7,16.9,5,84.1
2016-02-16,16.9,4033,16.9,16.9,16.9,16.9,6,101.4
2016-02-17,17.1,4029,17,17.1,17,17.1,50,853.5
2016-02-18,17.2,4022,17.1,17.3,17.1,17.3,34,585
2016-02-19,17.5,3995,17.3,17.6,17.3,17.5,80,1400.3
2016-02-22,17.6,3973,17.5,17.7,17.5,17.6,52,917.2
2016-02-23,17.9,3959,17.6,18,17.6,17.9,178,3185.5
2016-02-24,18.1,4091,18,18.2,18,18.1,68,1230.4
2016-02-25,18.1,3873,18.1,18.3,18,18.1,41,743.3
2016-02-26,18.3,3864,18.1,18.5,18.1,18.4,62,1136.5
2016-02-29,18.3,3849,18.5,18.5,18,18,51,932.2
2016-03-01,17.9,3849,18.2,18.3,17.7,18,77,1379.1
2016-03-02,18.1,3873,18,18.1,17.9,17.9,23,415
2016-03-03,17.8,3858,18,18,17.7,17.8,52,925.5
2016-03-04,17.6,3845,17.7,17.7,17.5,17.7,51,897.5
2016-03-07,17.3,3845,17.4,17.4,17.2,17.3,31,537.5
2016-03-08,16.8,3842,17,17.2,16.5,16.6,122,2049.8
2016-03-09,16.4,3856,16.5,16.7,16.1,16.7,94,1540.4
2016-03-10,16.7,3856,16.6,17.5,16.5,16.7,61,1024.1
2016-03-11,16.5,3835,16.6,16.6,16.4,16.4,58,958.3
2016-03-14,16.1,3841,16.4,16.5,15.7,16,160,2577.9
2016-03-15,16.2,3943,16,16.5,16,16.4,56,907.4
2016-03-16,16.3,3818,16.4,16.4,16.3,16.3,79,1290.2
2016-03-17,16.3,3848,16.3,16.4,16.3,16.3,56,913.9
2016-03-18,16.1,3898,16.3,16.3,16,16,67,1080.7
2016-03-21,15.9,3825,16,16,15.7,15.7,106,1681.3
2016-03-22,15.5,3826,15.6,15.7,15.4,15.6,77,1196.4
2016-03-23,15.5,3780,15.7,15.7,15.4,15.5,58,899.7
2016-03-24,15.4,3758,15.4,15.5,15.3,15.4,49,754.8
2016-03-29,15.5,3723,15.6,15.6,15.4,15.6,31,481.9
2016-03-30,15.8,3747,15.7,16,15.7,15.7,42,664.8
2016-03-31,15.9,3737,15.9,16,15.6,15.6,94,1497.7
2016-04-01,15.4,3717,15.5,15.5,15.3,15.4,115,1765.4
2016-04-04,15.1,3701,15.3,15.3,15,15,148,2232.9
2016-04-05,15,3658,14.9,15.3,14.8,15.1,99,1488.9
2016-04-06,15,3657,15,15.2,14.8,15.2,90,1349.3
2016-04-07,15.1,3595,15.2,15.3,14.9,15.1,52,784.6
2016-04-08,15.1,3574,15.1,15.3,14.9,15,192,2907.4
2016-04-11,14.7,3766,14.8,14.8,14.6,14.8,87,1281.3
2016-04-12,14.6,3424,14.8,15,14.5,14.6,193,2828.7
2016-04-13,14.7,3245,14.9,14.9,14.7,14.8,46,678.4
2016-04-14,15.1,3219,14.8,15.3,14.8,14.9,81,1219.9
2016-04-15,14.8,3266,14.9,14.9,14.6,14.6,65,959
2016-04-18,14.8,3112,14.7,14.8,14.7,14.8,42,619.9
2016-04-19,14.6,3084,14.6,14.8,14.5,14.6,127,1855.7
2016-04-20,14.5,2965,14.6,14.6,14.5,14.5,32,464.5
2016-04-21,14.7,2939,14.6,14.8,14.6,14.8,65,952.6
2016-04-22,18.5,923,18.3,18.5,18.3,18.5,32,590.6
2016-04-25,18.4,954,18.6,18.6,18.3,18.4,24,441.4
2016-04-26,18.7,933,18.2,19,18.2,18.8,102,1904.9
2016-04-27,18.8,955,19,19,18.5,18.7,67,1252.6
2016-04-28,18.8,1008,18.7,19,18.7,18.9,21,395.8
2016-04-29,18.7,1018,19,19,18.3,18.3,55,1030.8
2016-05-02,18.6,1020,18.7,18.7,18.3,18.3,57,1061.8
2016-05-03,18.6,1017,18.5,18.9,18.4,18.7,95,1770.2
2016-05-04,19.2,1007,18.9,19.6,18.8,19.6,103,1980.6
2016-05-05,19.7,1050,19.7,19.8,19.6,19.6,22,432.8
2016-05-06,20,1056,19.6,20.1,19.6,20.1,74,1476.6
2016-05-09,20.6,1073,20.4,21.4,20.4,21.1,168,3467.6
2016-05-10,21.4,1063,21.5,21.5,21.1,21.3,39,832.7
2016-05-11,20.5,1099,20.8,20.9,20.1,20.7,60,1228.2
2016-05-12,21.4,1091,20.9,21.9,20.9,21.9,106,2268.4
2016-05-13,21.4,1087,22,22,20.9,21.3,59,1261.4
2016-05-16,21.4,1073,21.4,21.4,21.4,21.4,2,42.8
2016-05-17,21.7,1071,21.4,21.8,21.4,21.7,35,758.2
2016-05-18,21.5,1076,21.6,21.7,21.4,21.4,34,732.6
2016-05-19,21.9,1068,21.3,22.1,21.1,22,126,2757.8
2016-05-20,21.7,1036,22,22,21.5,21.7,50,1085.9
2016-05-23,21.4,1031,21.6,21.6,21.3,21.3,9,193.2
2016-05-24,21.6,1024,21.5,21.7,21.5,21.7,26,561.4
2016-05-25,21.7,1008,21.7,21.8,21.7,21.7,30,651.6
2016-05-26,22,982,21.9,22.1,21.9,22,38,836.8
2016-05-27,22,982,21.7,22,21.7,22,33,724.9
2016-05-30,22.2,988,22.1,22.2,22.1,22.2,15,332.5
2016-05-31,22.3,988,22.2,22.3,22.2,22.3,59,1315.5
2016-06-01,22.3,907,22.4,22.4,22.2,22.3,46,1027.5
2016-06-02,22.4,892,22.4,22.4,22.3,22.4,36,805.7
2016-06-03,22.1,861,,,,,,
2016-06-06,11.8,8,,,,,,
2016-06-07,11.8,8,,,,,,
2016-06-08,11.8,8,,,,,,
2016-06-09,11.8,8,,,,,,
2016-06-10,11.8,8,,,,,,
2016-06-13,11.8,8,,,,,,
2016-06-14,11.8,8,,,,,,
2016-06-15,11.8,8,,,,,,
2016-06-16,11.8,8,,,,,,
2016-06-17,11.8,8,,,,,,
2016-06-20,11.8,8,,,,,,
2016-06-21,11.8,8,,,,,,
2016-06-22,11.8,8,,,,,,
2016-06-23,11.8,8,,,,,,
2016-06-24,11.8,8,,,,,,
2016-06-27,11.8,8,,,,,,
2016-06-28,11.8,8,,,,,,
2016-06-29,11.8,8,,,,,,
2016-06-30,11.8,8,,,,,,
2016-07-01,11.9,8,11.8,12.1,11.8,12.1,16,191.2
2016-07-04,11.9,15,,,,,,
2016-07-05,11.9,15,,,,,,
2016-07-06,11.9,15,,,,,,
2016-07-07,11.9,15,,,,,,
2016-07-08,11.9,15,,,,,,
2016-07-11,12.1,15,12.1,12.1,12.1,12.1,5,60.5
2016-07-12,12.2,13,12.2,12.2,12.2,12.2,1,12.2
2016-07-13,12.3,13,12.2,12.3,12.2,12.3,20,245.8
2016-07-14,12.1,33,,,,,,
2016-07-15,12.4,33,12.2,12.4,12.2,12.4,17,209.3
2016-07-18,13.1,50,12.5,13.5,12.5,13.5,17,217.6
2016-07-19,13.7,67,13.5,13.9,13.5,13.9,4,55
2016-07-20,13.4,71,,,,,,
2016-07-21,13.4,71,,,,,,
2016-07-22,13.4,71,,,,,,
2016-07-25,13.4,71,,,,,,
2016-07-26,14,71,13.9,14,13.9,14,5,69.6
2016-07-27,14.2,76,,,,,,
2016-07-28,14.3,76,14.3,14.3,14.3,14.3,8,114.4
2016-07-29,14.3,79,,,,,,
2016-08-01,14.3,79,,,,,,
2016-08-02,12.6,79,12,13,12,13,9,113
2016-08-03,12.7,83,,,,,,
2016-08-04,13.3,83,,,,,,
2016-08-05,12.9,83,,,,,,
2016-08-08,13.5,83,,,,,,
2016-08-09,13.5,83,,,,,,
2016-08-10,13.5,83,,,,,,
2016-08-11,13.5,83,,,,,,
2016-08-12,13.3,83,,,,,,
2016-08-15,13,83,,,,,,
2016-08-16,13,83,,,,,,
2016-08-17,13,83,,,,,,
2016-08-18,13.2,83,,,,,,
2016-08-19,13.9,83,13.5,14,13.5,14,3,41.5
2016-08-22,14.5,86,14.6,14.6,14.6,14.6,2,29.2
2016-08-23,14.5,84,,,,,,
2016-08-24,14.8,84,,,,,,
2016-08-25,15.1,84,15.1,15.1,15.1,15.1,2,30.2
2016-08-26,14.9,86,,,,,,
2016-08-29,15.8,84,15.9,15.9,15.5,15.5,9,141.1
2016-08-30,16.7,89,16.7,16.7,16.7,16.7,3,50.1
2016-08-31,16.2,89,,,,,,
2016-09-01,16.4,89,,,,,,
2016-09-02,16.8,89,16.9,16.9,16.9,16.9,5,84.5
2016-09-05,17.2,94,16.9,16.9,16.9,16.9,2,33.8
2016-09-06,19.5,89,20,20,20,20,2,40
2016-09-07,17.3,91,17,17,17,17,4,68
2016-09-08,17.8,91,17.5,17.5,17.5,17.5,4,70
2016-09-09,18.5,91,,,,,,
2016-09-12,18.1,91,,,,,,
2016-09-13,17.9,91,,,,,,
2016-09-14,17.9,91,,,,,,
2016-09-15,18.6,91,,,,,,
2016-09-16,19,91,,,,,,
2016-09-19,17.6,91,,,,,,
2016-09-20,17.7,91,17.5,17.5,17.5,17.5,4,70
2016-09-21,17.3,89,,,,,,
2016-09-22,17.5,89,,,,,,
2016-09-23,17.7,89,,,,,,
2016-09-26,18.4,89,,,,,,
2016-09-27,18.5,89,,,,,,
2016-09-28,18.5,89,,,,,,
2016-09-29,18.5,89,18.5,18.5,18.5,18.5,4,74
2016-09-30,19.5,93,19.4,19.5,19.4,19.5,5,97.1
2016-10-03,19,93,,,,,,
2016-10-04,20.5,93,20.5,20.5,20.5,20.5,9,184.5
2016-10-05,20.5,94,20.5,20.5,20.5,20.5,5,102.5
2016-10-06,20.3,99,,,,,,
2016-10-07,20.5,95,,,,,,
2016-10-10,20.3,94,,,,,,
2016-10-11,20.4,94,,,,,,
2016-10-12,20.5,94,,,,,,
2016-10-13,20.5,94,,,,,,
2016-10-14,20.5,94,,,,,,
2016-10-17,19.8,94,,,,,,
2016-10-18,18.1,94,,,,,,
2016-10-19,18.3,94,,,,,,
2016-10-20,18.6,94,,,,,,
2016-10-21,18.2,94,18,18,18,18,2,36
2016-10-24,18.4,94,,,,,,
2016-10-25,18.4,92,,,,,,
2016-10-26,19.1,92,,,,,,
2016-10-27,19.5,92,,,,,,
2016-10-28,21.5,92,20.5,22.5,20.5,22.5,5,108
2016-10-31,21.8,89,,,,,,
2016-11-01,21.8,89,,,,,,
2016-11-02,22,89,,,,,,
2016-11-03,21.8,89,,,,,,
2016-11-04,22,89,,,,,,
2016-11-07,22,89,,,,,,
2016-11-08,22.3,89,,,,,,
2016-11-09,22.4,89,,,,,,
2016-11-10,23,89,23,23,23,23,3,69
2016-11-11,22.7,92,,,,,,
2016-11-14,22.9,88,,,,,,
2016-11-15,23,88,23,23,23,23,2,46
2016-11-16,23.1,90,,,,,,
2016-11-17,23.3,90,,,,,,
2016-11-18,23.2,90,,,,,,
2016-11-21,23.3,90,,,,,,
2016-11-22,23.3,90,,,,,,
2016-11-23,23.3,90,,,,,,
2016-11-24,23.4,90,23.5,23.5,23.5,23.5,3,70.5
2016-11-25,26.3,7507,26.5,26.7,26,26.5,204,5368.6
2016-11-28,25.7,7435,25.9,25.9,25.4,25.4,127,3261.3
2016-11-29,25.5,7416,25.7,25.8,25,25.4,124,3152.6
2016-11-30,25.1,7347,25.4,25.7,24.8,24.8,272,6825.7
2016-12-01,24.3,7228,24.9,25.4,24,24.5,451,10916.9
2016-12-02,24.2,7072,24.3,24.9,23.8,23.8,196,4743.1
2016-12-05,24.2,7014,24,25,24,24,144,3484.6
2016-12-06,24.6,7119,24.4,24.8,24.4,24.8,104,2558.4
2016-12-07,25,7160,24.9,25.3,24.9,25,169,4231.7
2016-12-08,25.2,7092,25.2,25.5,25,25,63,1587.3
2016-12-09,24.6,7002,24.9,24.9,24.5,24.6,40,986.4
2016-12-12,24.2,6980,24.5,24.6,23.9,24.3,50,1203.9
2016-12-13,23.6,7021,24.3,24.3,22.8,23.8,229,5395.3
2016-12-14,23.7,7156,23.8,23.8,23.5,23.5,49,1160.6
2016-12-15,23.4,6954,23.5,23.7,23,23.5,105,2458.3
2016-12-16,23.3,6944,23.4,23.5,23.1,23.1,86,1999.6
2016-12-19,24.4,6921,23.4,24.6,23.1,24.6,75,1758.9
2016-12-20,24.3,6989,24.2,24.7,23.6,23.7,67,1622.9
2016-12-21,23.6,6987,23.9,24,23.3,23.9,85,2005
2016-12-22,23.8,7066,23.4,24,23.4,23.6,49,1165.3
2016-12-23,23.7,7032,23.7,23.9,23.6,23.6,66,1563.8
2016-12-27,23.7,7027,23.6,24,23.6,23.7,15,356.5
2016-12-28,24.1,7038,23.9,24.4,23.8,24.2,111,2669.7
2016-12-29,24.5,7124,24.2,24.8,24.2,24.5,104,2545.5
2016-12-30,24.6,7079,24.6,24.8,24.4,24.4,43,1055.1
2017-01-02,24.6,7059,24.7,24.7,24.5,24.5,8,196.8
2017-01-03,24.8,7059,24.5,25.1,24.5,25,94,2332
2017-01-04,25.1,7058,25,25.2,24.9,25.2,85,2130.7
2017-01-05,25.4,7140,25.3,25.5,25.2,25.5,50,1269.7
2017-01-06,25.2,7078,25.5,25.5,25,25.2,52,1307.6
2017-01-09,25.3,7068,25.3,25.5,25,25,59,1488.8
2017-01-10,25.3,7068,25.2,25.5,25,25.5,32,809.4
2017-01-11,25.6,7075,25.4,25.9,25.3,25.8,106,2716
2017-01-12,26,7120,25.9,26.2,25.9,26.1,157,4089
2017-01-13,25.9,7107,26,26.1,25.8,25.9,104,2695.1
2017-01-16,25.5,7084,25.8,25.8,25.3,25.4,76,1937.3
2017-01-17,25.2,7061,25.5,25.5,25,25,90,2258.6
2017-01-18,25.3,6970,25.3,25.3,25.3,25.3,16,404.8
2017-01-19,25.5,6896,25.4,25.6,25.4,25.6,88,2241.4
2017-01-20,25.7,6840,25.7,25.9,25.6,25.7,57,1466.3
2017-01-23,25.8,6648,25.8,26,25.7,25.9,68,1755.3
2017-01-24,26,6248,25.9,26,25.6,25.9,58,1505.1
2017-01-25,26.1,5407,26,26.3,25.9,26,96,2502.3
2017-01-26,26.1,3787,26,26.3,26,26.1,49,1278.4
2017-01-27,25.7,3832,25.9,25.9,25.5,25.5,49,1255
2017-01-30,25.3,3881,25.4,25.4,25.2,25.3,19,480.9
2017-01-31,25.4,3899,25.1,25.8,25.1,25.8,54,1371.7
2017-02-01,25.5,6994,25.5,25.7,25.5,25.7,16,408.5
2017-02-02,25.9,7008,25.7,25.9,25.7,25.9,34,879.1
2017-02-03,25.8,7036,25.8,25.9,25.6,25.6,25,645.1
2017-02-06,25.6,7061,25.5,26,25.5,25.6,22,563.7
2017-02-07,25.5,7081,25.6,25.6,25.3,25.3,30,763.3
2017-02-08,24.9,7109,25.5,25.5,24.5,24.5,191,4752.1
2017-02-09,24.8,7171,24.7,25,24.4,24.5,95,2356.4
2017-02-10,24.2,7154,24.4,24.5,23.8,23.8,181,4364
2017-02-13,23.6,7091,23.8,23.9,23.3,23.7,146,3438.7
2017-02-14,23.2,7208,23.7,23.7,22.4,23.4,233,5371
2017-02-15,23.6,6886,23.6,23.8,23.5,23.5,55,1297.2
2017-02-16,23.8,6935,23.8,23.8,23.5,23.8,78,1852.6
2017-02-17,22.4,6820,23.5,23.5,21.9,22.1,318,7094.9
2017-02-20,20.6,6671,22,22,20.1,20.5,600,12323.2
2017-02-21,20.1,6882,20.2,20.8,19.6,20.3,449,9014.7
2017-02-22,20.8,6717,20.5,21.2,20.4,21,191,3979.9
2017-02-23,20.4,6168,21,21.3,19.6,19.9,342,6929.6
2017-02-24,19.5,6030,19.8,19.8,19.2,19.7,347,6767
2017-02-27,20.2,5796,19.8,21,19.8,20.1,129,2601.5
2017-02-28,20.9,5797,20,21.3,20,21.3,187,3912.2
2017-03-01,22,5857,21.3,22.4,21.3,22.1,176,3872.9
2017-03-02,22.3,5835,22,22.7,21.4,22.2,148,3301.8
2017-03-03,22.1,5821,22.4,22.4,21.6,22.2,95,2097.8
2017-03-06,21.8,5835,22,22,21.6,21.7,42,912.7
2017-03-07,21.2,5832,21.6,22,20.8,21,104,2196.3
2017-03-08,20.5,5932,21,21,20,20.4,165,3375.2
2017-03-09,20.9,5751,20.5,21.2,20.5,21.2,51,1064.2
2017-03-10,20.9,5771,20.9,21.2,20.5,20.5,81,1690
2017-03-13,20.3,5743,20.3,20.4,20.2,20.4,24,487.3
2017-03-14,20.7,5745,20.5,20.9,20.3,20.3,41,848.6
2017-03-15,20.5,5734,20.3,20.6,20.3,20.6,24,491
2017-03-16,20.1,5726,20.7,20.7,19.8,19.8,150,3021
2017-03-17,20.2,5628,19.7,20.4,19.7,20.2,119,2401.3
2017-03-20,19.8,5559,20,20,19.5,20,178,3520.7
2017-03-21,20.2,5668,20,20.5,19.9,20.4,37,747.9
2017-03-22,20.3,5700,20.4,20.6,20.1,20.1,71,1446.3
2017-03-23,20,5733,20,20,19.8,20,47,938.6
2017-03-24,20,5770,20,20.2,19.9,20,78,1562.3
2017-03-27,20.1,5808,20.3,20.4,20,20.1,50,1005.5
2017-03-28,20.4,5846,20.1,20.6,20.1,20.6,67,1368.1
2017-03-29,21.1,5911,20.6,21.5,20.6,21.4,89,1877.4
2017-03-30,21.7,5990,21.7,21.9,21.1,21.1,96,2085
2017-03-31,21.9,5374,21.5,22.2,21.5,21.8,109,2379.9
2017-04-03,22,5262,21.9,22.1,21.9,22.1,58,1276.3
2017-04-04,22.4,5236,22.2,22.5,22.2,22.3,96,2150.2
2017-04-05,22.1,5231,22.2,22.2,22,22,16,353.3
2017-04-06,21.7,5230,22,22,21.4,21.4,37,798.7
2017-04-07,21.6,5209,21.6,21.6,21.5,21.5,15,322.8
2017-04-10,22,5206,22,22,22,22,3,66
2017-04-11,21.5,5206,22.1,22.1,21.2,21.2,140,2997.2
2017-04-12,21,5095,21.3,21.3,20.6,21.1,100,2097.3
2017-04-13,21.2,5039,21,21.5,21,21.5,81,1720.8
2017-04-18,21.7,4977,21.5,21.7,21.5,21.7,29,627.9
2017-04-19,21.9,4962,21.7,22.1,21.7,21.9,89,1945.9
2017-04-20,22.2,4895,22.1,22.3,22.1,22.3,40,888.1
2017-04-21,22.3,4869,22.2,22.3,22.2,22.2,42,935.9
2017-04-24,22.3,4829,22.3,22.3,22.2,22.3,35,779
2017-04-25,22.2,4794,22.3,22.3,22.1,22.1,36,800.7
2017-04-26,22.1,4758,22.1,22.1,22.1,22.1,285,6298.5
2017-04-27,22.1,4478,22.2,22.2,22.2,22.2,67,1487.4
2017-04-28,23.7,1621,24.1,24.1,23.6,23.7,44,1045.4
2017-05-02,24.7,1631,24.3,24.8,24.2,24.6,62,1528.1
2017-05-03,25.5,1650,24.7,25.8,24.7,25.5,113,2882.8
2017-05-04,26.2,1671,25.9,26.5,25.9,26.4,130,3407.8
2017-05-05,27.6,1704,26.5,28,26.5,27.7,184,5071.6
2017-05-08,28.8,1748,28,29.2,28,29.2,246,7073.5
2017-05-09,28.8,1718,29.3,29.5,28.2,28.3,152,4374.5
2017-05-10,28.6,1736,29,29.1,28.4,28.6,52,1492.1
2017-05-11,28.1,1747,28.4,28.5,27.8,28.1,96,2698.6
2017-05-12,27.5,1733,27.9,27.9,27.2,27.6,74,2034.6
2017-05-15,27.6,1731,27.6,27.7,27.4,27.4,30,825.4
2017-05-16,27.1,1736,27.4,27.5,26.9,27.3,98,2658.8
2017-05-17,27.7,1690,27.5,27.8,27.5,27.7,40,1108.4
2017-05-18,27.5,1681,27.5,27.7,27.3,27.7,55,1511.5
2017-05-19,27.1,1635,27.2,27.2,27,27.1,54,1463.6
2017-05-22,27.4,1600,27.4,27.5,27.4,27.5,9,246.8
2017-05-23,26.9,1594,27.3,27.3,26.6,26.6,96,2577.5
2017-05-24,26.7,1515,26.8,27.1,26.6,26.7,29,779.4
2017-05-25,26.7,1497,26.8,26.8,26.5,26.5,2,53.3
2017-05-26,26.3,1496,26.8,26.9,26.1,26.1,148,3889.8
2017-05-29,26.1,1615,26.2,26.2,26.1,26.1,20,522.3
2017-05-30,26.2,1340,26.2,26.2,26.2,26.2,9,235.8
2017-05-31,26.2,1331,26.2,26.2,26.2,26.2,8,209.6
2017-06-01,26.1,1323,12.2,12.2,12.2,12.2,1,12.2
2017-06-02,12.2,25,,,,,,
2017-06-05,12.2,25,,,,,,
2017-06-06,12.2,25,,,,,,
2017-06-07,12.2,25,,,,,,
2017-06-08,12.2,25,,,,,,
2017-06-09,12.2,25,,,,,,
2017-06-12,12.9,25,13,13,13,13,3,39
2017-06-13,13.1,25,13.2,13.2,13.2,13.2,4,52.8
2017-06-14,13.5,25,,,,,,
2017-06-15,13,25,,,,,,
2017-06-16,14.4,25,13.8,15,13.8,15,7,98.8
2017-06-19,16.3,32,16,17.5,16,17,9,153
2017-06-20,14.7,33,14.5,14.5,14.5,14.5,1,14.5
2017-06-21,13.6,33,,,,,,
2017-06-22,13.3,32,13.4,13.4,13,13,2,26.4
2017-06-23,12.6,30,,,,,,
2017-06-26,13.8,30,13,15,13,14,7,96.4
2017-06-27,14.8,29,15,15,15,15,2,30
2017-06-28,14,31,,,,,,
2017-06-29,13.6,29,,,,,,
2017-06-30,13.7,29,,,,,,
2017-07-03,13.8,29,,,,,,
2017-07-04,13.7,29,,,,,,
2017-07-05,13.1,29,13,13,13,13,2,26
2017-07-06,12.7,31,,,,,,
2017-07-07,12,31,12,12,12,12,7,84
2017-07-10,12.1,33,12,12,12,12,2,24
2017-07-11,12.1,33,,,,,,
2017-07-12,12.1,33,,,,,,
2017-07-13,13,33,13,13,13,13,2,26
2017-07-14,13,33,,,,,,
2017-07-17,13,33,,,,,,
2017-07-18,11.2,33,,,,,,
2017-07-19,10.8,33,,,,,,
2017-07-20,10.8,33,,,,,,
2017-07-21,10.8,33,,,,,,
2017-07-24,9.8,33,,,,,,
2017-07-25,9.8,33,,,,,,
2017-07-26,9.8,33,,,,,,
2017-07-27,9.5,33,,,,,,
2017-07-28,9.5,33,,,,,,
2017-07-31,9.4,33,,,,,,
2017-08-01,9.4,33,,,,,,
2017-08-02,9.4,33,,,,,,
2017-08-03,9.4,33,,,,,,
2017-08-04,9.4,33,,,,,,
2017-08-07,9.4,33,,,,,,
2017-08-08,9,33,,,,,,
2017-08-09,9,33,,,,,,
2017-08-10,9,33,,,,,,
2017-08-11,9,33,,,,,,
2017-08-14,9,33,,,,,,
2017-08-15,9,33,,,,,,
2017-08-16,9,33,,,,,,
2017-08-17,9,33,,,,,,
2017-08-18,9,33,,,,,,
2017-08-21,9,33,,,,,,
2017-08-22,6.3,33,6,6,5.8,5.8,6,35.8
2017-08-23,5.7,29,5.5,5.5,5.5,5.5,5,27.5
2017-08-24,5.2,24,4.9,4.9,4.9,4.9,1,4.9
2017-08-25,4.7,23,,,,,,
2017-08-28,5,23,5,5,5,5,6,30
2017-08-29,5,17,5,5,5,5,5,25
2017-08-30,4.9,12,,,,,,
2017-08-31,4.7,12,,,,,,
2017-09-01,4.7,12,,,,,,
2017-09-04,4.7,12,,,,,,
2017-09-05,4.7,12,,,,,,
2017-09-06,5.5,12,5.4,5.8,5.4,5.8,10,56.4
2017-09-07,5,7,,,,,,
2017-09-08,5,7,,,,,,
2017-09-11,5,7,,,,,,
2017-09-12,5,7,,,,,,
2017-09-13,5,7,,,,,,
2017-09-14,5,7,,,,,,
2017-09-15,5,7,,,,,,
2017-09-18,5,7,,,,,,
2017-09-19,5,7,,,,,,
2017-09-20,5,7,,,,,,
2017-09-21,5,7,,,,,,
2017-09-22,5,7,,,,,,
2017-09-25,5,7,,,,,,
2017-09-26,5,7,,,,,,
2017-09-27,5,7,,,,,,
2017-09-28,5,7,,,,,,
2017-09-29,5,7,,,,,,
2017-10-02,5,7,,,,,,
2017-10-03,5,7,,,,,,
2017-10-04,5,7,,,,,,
2017-10-05,5,7,,,,,,
2017-10-06,5,7,,,,,,
2017-10-09,4.9,7,,,,,,
2017-10-10,4.9,7,,,,,,
2017-10-11,4.9,7,,,,,,
2017-10-12,4.9,7,,,,,,
2017-10-13,4.9,7,,,,,,
2017-10-16,4.9,7,,,,,,
2017-10-17,4.6,7,,,,,,
2017-10-18,4.8,7,,,,,,
2017-10-19,4.6,7,,,,,,
2017-10-20,4.4,7,,,,,,
2017-10-23,4.6,7,,,,,,
2017-10-24,4.6,7,,,,,,
2017-10-25,4.6,7,,,,,,
2017-10-26,4.6,7,,,,,,
2017-10-27,4.6,7,,,,,,
2017-10-30,4.6,7,,,,,,
2017-10-31,4.6,7,,,,,,
2017-11-01,4.6,7,,,,,,
2017-11-02,4.6,7,,,,,,
2017-11-03,4.6,7,,,,,,
2017-11-06,4.3,7,,,,,,
2017-11-07,4.3,7,,,,,,
2017-11-08,4.3,7,,,,,,
2017-11-09,4.3,7,,,,,,
2017-11-10,4.3,7,,,,,,
2017-11-13,4.3,7,,,,,,
2017-11-14,4.3,7,,,,,,
2017-11-15,4.3,7,,,,,,
2017-11-16,3.9,7,,,,,,
2017-11-17,3.9,7,,,,,,
2017-11-20,3.9,7,,,,,,
2017-11-21,3.9,7,,,,,,
2017-11-22,3.9,7,,,,,,
2017-11-23,3.9,7,,,,,,
2017-11-24,5,6342,4.6,5.1,4.6,4.9,82,408.2
2017-11-27,5,6391,5.2,5.2,4.9,5,36,181.9
2017-11-28,5.1,6388,4.9,5.2,4.9,5.1,20,101.6
2017-11-29,5.2,6392,5.2,5.2,5.2,5.2,12,62.4
2017-11-30,5.1,6399,5.1,5.1,5,5.1,23,116.3
2017-12-01,5.1,6399,5.1,5.2,5,5,34,173.7
2017-12-04,5.3,6399,5.2,5.3,5.2,5.3,22,115.7
2017-12-05,5.1,6399,5.2,5.2,5,5,21,105.9
2017-12-06,4.9,6399,5,5,4.8,4.8,49,241.3
2017-12-07,4.9,6399,4.9,4.9,4.8,4.9,45,219.5
2017-12-08,4.7,6399,4.7,4.8,4.7,4.7,24,113
2017-12-11,4.6,6399,4.7,4.7,4.6,4.6,117,541.6
2017-12-12,4.4,6399,4.6,4.6,4.2,4.2,35,154.5
2017-12-13,4.4,6399,4.5,4.6,4.3,4.6,25,111.3
2017-12-14,4.6,6399,4.5,4.7,4.5,4.7,8,37.2
2017-12-15,4.6,6399,,,,,,
2017-12-18,4.8,6399,4.6,4.8,4.6,4.8,24,113.8
2017-12-19,4.7,6399,4.7,4.7,4.7,4.7,4,18.8
2017-12-20,4.7,6399,4.7,4.7,4.6,4.7,5,23.4
2017-12-21,4.8,6399,4.8,4.8,4.8,4.8,9,43.2
2017-12-22,4.7,6399,4.7,4.7,4.7,4.7,18,84.6
2017-12-27,4.8,6399,,,,,,
2017-12-28,4.8,6399,4.9,4.9,4.7,4.9,20,96.8
2017-12-29,4.8,6399,5,5,4.6,4.6,76,360.9
2018-01-02,4.9,6399,5,5,4.9,4.9,9,44.6
2018-01-03,4.9,6399,4.8,4.9,4.8,4.9,8,39
2018-01-04,5,6399,5,5,5,5,18,90
2018-01-05,4.7,6399,4.7,4.7,4.7,4.7,6,28.2
2018-01-08,4.9,6399,4.8,4.9,4.8,4.9,14,68.1
2018-01-09,5,6399,4.9,5.1,4.9,5.1,83,417.9
2018-01-10,5,6399,5,5,5,5,8,40
2018-01-11,4.9,6399,5,5,4.8,4.8,66,320.7
2018-01-12,5,6399,4.9,5,4.9,5,24,119.5
2018-01-15,5.1,6399,5.1,5.1,5,5,3,15.1
2018-01-16,5.1,6399,5.1,5.1,5.1,5.1,11,56.1
2018-01-17,5,6399,5.1,5.1,5,5,8,40.2
2018-01-18,5.1,6399,5.1,5.2,5,5,29,148.7
2018-01-19,5.2,6399,5.1,5.3,5.1,5.3,80,418.7
2018-01-22,5.2,6399,5.2,5.2,5.2,5.2,32,166.4
2018-01-23,5.2,6399,5.2,5.2,5.2,5.2,20,104
2018-01-24,5.3,6399,5.3,5.3,5.2,5.3,49,259.3
2018-01-25,5.4,6399,5.2,5.6,5.2,5.4,104,565.3
2018-01-26,5.6,6399,5.4,5.7,5.4,5.7,53,296.7
2018-01-29,5.5,6399,5.2,5.7,5.2,5.7,4,21.8
2018-01-30,5.5,6356,5.5,5.6,5.4,5.6,53,291.4
2018-01-31,5.7,6376,5.7,5.8,5.7,5.8,22,125.6
2018-02-01,5.8,6382,5.7,5.8,5.7,5.8,52,300.2
2018-02-02,6.1,6377,5.9,6.2,5.9,6.1,166,1009
2018-02-05,6.2,6349,6.1,6.3,6.1,6.2,30,185.7
2018-02-06,6.2,6356,6.2,6.3,6,6,57,352.1
2018-02-07,5.9,6357,6,6,5.8,5.9,33,195.7
2018-02-08,5.6,6388,5.8,5.8,5.5,5.5,36,201.7
2018-02-09,5.2,6415,5.6,5.9,5,5.2,126,655.5
2018-02-12,5.2,6448,5.2,5.3,5,5.2,73,376.3
2018-02-13,5,6445,5.1,5.1,4.9,4.9,136,681.2
2018-02-14,5,6520,5,5,5,5,6,30
2018-02-15,4.8,6518,5,5,4.7,4.7,68,329.3
2018-02-16,4.8,6555,4.7,4.9,4.7,4.8,37,179.3
2018-02-19,5.1,6544,4.9,5.2,4.9,5.2,55,276.2
2018-02-20,5.3,6522,5.3,5.4,5.2,5.2,38,199.7
2018-02-21,5.2,6557,5.2,5.2,5.1,5.1,16,81.7
2018-02-22,5.1,6556,5.1,5.1,5,5,52,263.2
2018-02-23,4.9,6603,5,5.1,4.7,4.8,66,320.9
2018-02-26,4.9,6647,4.9,4.9,4.9,4.9,48,235.2
2018-02-27,4.8,6686,4.9,4.9,4.7,4.9,28,135.3
2018-02-28,5,6699,5,5.1,4.9,5,22,110.1
2018-03-01,5,6701,4.9,5.1,4.9,4.9,22,110.6
2018-03-02,4.8,6701,4.9,4.9,4.8,4.8,26,126
2018-03-05,4.7,6716,4.7,4.8,4.7,4.7,46,216.4
2018-03-06,4.7,6738,4.6,4.7,4.6,4.6,18,84.1
2018-03-07,4.7,6732,4.6,4.7,4.6,4.7,45,211.4
2018-03-08,4.8,6722,4.7,4.9,4.7,4.9,67,320.9
2018-03-09,5,6741,5,5.1,4.9,5,80,398.2
2018-03-12,5.2,6735,5.1,5.3,5.1,5.2,11,57.3
2018-03-13,5.5,6740,5.3,5.6,5.3,5.6,79,433.1
2018-03-14,5.3,6678,5.4,5.5,5.2,5.2,27,143.1
2018-03-15,5.2,6673,5.2,5.2,5.1,5.2,53,274.8
2018-03-16,5.2,6674,5.2,5.2,5.1,5.1,24,124.4
2018-03-19,5.3,6684,5.3,5.4,5.3,5.3,34,180.3
2018-03-20,5.5,6660,5.5,5.6,5.4,5.6,26,143.2
2018-03-21,5.6,6655,5.6,5.8,5.5,5.8,76,433.8
2018-03-22,5.8,6630,5.8,6,5.5,5.6,90,519.9
2018-03-23,5.6,6601,5.6,5.7,5.5,5.6,44,246.1
2018-03-26,5.5,6599,5.7,5.7,5.4,5.4,63,348
2018-03-27,5.6,6543,5.5,5.8,5.4,5.8,108,603.8
2018-03-28,5.9,6474,5.8,6,5.7,6,111,651.6
2018-03-29,6.1,6427,6,6.3,6,6.1,94,576.7
2018-04-03,5.9,6487,6,6,5.7,5.9,73,433.7
2018-04-04,5.9,6349,5.9,5.9,5.9,5.9,13,76.7
2018-04-05,6,6362,5.9,6.1,5.9,6.1,110,659.5
2018-04-06,5.9,6313,5.9,6.1,5.8,6,76,452.3
2018-04-09,5.9,6267,5.8,5.9,5.8,5.9,4,23.4
2018-04-10,6.2,6267,5.7,6.4,5.7,6.4,177,1088.8
2018-04-11,6,6124,6,6.1,6,6.1,30,181
2018-04-12,6.1,6094,6,6.3,6,6.3,108,664.2
2018-04-13,6.2,6017,6.2,6.4,6.2,6.2,188,1170
2018-04-16,6,6132,6,6,6,6,26,156
2018-04-17,5.8,5879,5.8,5.8,5.8,5.8,8,46.4
2018-04-18,5.7,5887,5.8,5.8,5.6,5.7,66,378.1
2018-04-19,5.6,5812,5.7,5.7,5.6,5.6,23,130.2
2018-04-20,5.7,5789,5.7,5.8,5.7,5.8,104,595.7
2018-04-23,5.7,5685,5.7,5.7,5.7,5.7,9,51.3
2018-04-24,5.7,5676,5.7,5.7,5.7,5.7,85,484.5
2018-04-25,5.7,5592,5.7,5.7,5.6,5.7,94,535.4
2018-04-26,5.6,5498,5.6,5.6,5.6,5.6,92,515.2
2018-04-27,7.8,1800,7.5,7.9,7.5,7.8,44,341.2
2018-04-30,7.6,1696,7.6,7.6,7.5,7.5,13,98.3
2018-05-02,7.7,1696,7.7,7.7,7.6,7.6,3,23
2018-05-03,7.5,1696,7.8,7.8,7.3,7.3,58,438.5
2018-05-07,6.3,1721,6.7,6.7,6.1,6.1,97,617.4
2018-05-08,5.9,1720,6.1,6.1,5.8,5.8,74,435.2
2018-05-09,5.5,1660,5.8,5.8,5.2,5.2,,
2018-05-10,5.3,1573,5.2,5.2,5.2,5.2,,
2018-05-11,5.3,1587,5.2,5.5,5.2,5.5,,
